<?xml version="1.0" encoding="UTF-8"?>
<!DOCTYPE bindings PUBLIC "-//NetBeans//DTD Editor KeyBindings settings 1.1//EN" "http://www.netbeans.org/dtds/EditorKeyBindings-1_1.dtd">
<bindings>
    <bind key="O-BACK_SPACE" remove="true"/>
    <bind key="FIND" remove="true"/>
    <bind key="O-DOWN" remove="true"/>
    <bind key="D-J" remove="true"/>
    <bind key="S-SPACE" remove="true"/>
    <bind key="F3" remove="true"/>
    <bind key="SDO-J" remove="true"/>
    <bind key="S-F10" remove="true"/>
    <bind key="D-F" remove="true"/>
    <bind key="S-F3" remove="true"/>
    <bind key="D-F3" remove="true"/>
    <bind key="SO-H" remove="true"/>
    <bind key="D-H" remove="true"/>
    <bind key="O-UP" remove="true"/>
</bindings>
